Home Ownership,default_rate
Home Mortgage,0.1339340569322138
Own Home,0.15207877461706784
Rent,0.13181061146799905
