Home Ownership,default_rate
HaveMortgage,0.09090909090909091
Home Mortgage,0.13402328589909443
Own Home,0.15176151761517614
Rent,0.13127753303964756
