Risk Category,Current Loan Amount,Annual Income,Credit Score,DTI
High Risk,321490.7831096563,1271538.7569558101,716.247954173486,0.16357562733394426
Low Risk,368180.8485195886,1337296.3161909163,718.6695943603374,0.1769465995179414
Medium Risk,326526.87231999997,1342102.24,711.904,0.15647967445418853
