Risk Category,Current Loan Amount,Annual Income,Credit Score,DTI
High Risk,266582.1797752809,1297170.8529111338,714.0755873340142,0.16377309188340952
Low Risk,310578.6561014263,1378986.2210056188,717.1081976660423,0.17413721681799008
Medium Risk,272346.6666666667,1387754.6262626264,708.4646464646464,0.15353918081657275
