Years in current job,Current Loan Amount
1.0,333472.61416493414
2.0,355418.00165938865
3.0,358055.87953810627
4.0,357523.9538009788
5.0,366290.491954023
6.0,346624.79985865724
7.0,355085.99162454874
8.0,358303.6898305085
9.0,381141.5184530387
10.0,378304.6700911162
