Years in current job,Current Loan Amount
1 year,281832.13645224174
10+ years,334525.95066720585
2 years,307097.3387978142
3 years,290160.59186535765
4 years,295760.51639344264
5 years,300024.8
6 years,289951.36771300447
7 years,306122.3981693364
8 years,300552.91516709514
9 years,309132.0066889632
< 1 year,276877.6671899529
