Home Ownership,avg_risk
HaveMortgage,0.125
Home Mortgage,0.2570371892336141
Own Home,0.30196936542669583
Rent,0.25933856768974545
