Risk Category,Current Loan Amount,Annual Income,DTI,Applicant Count
High Risk,321510.16471358424,1271538.7569558101,0.16357562733394426,1222
Low Risk,368236.7254177791,1337296.3161909163,0.1769465995179414,8653
Medium Risk,326526.87232000014,1342102.24,0.15647967445418853,125
