Home Ownership,avg_risk
Home Mortgage,0.2566045463854188
Own Home,0.30196936542669583
Rent,0.25933856768974545
